Title,Author,Publisher,URL,Word Count,Saved,Read,Highlight Count,Last Interaction Date,File Id
"Per favore, conferma il tuo indirizzo email",,,,80,False,False,0,2022-09-03 10:09:17,content_12147356.html
Germany charts a new course in a dangerous world,,,,,False,True,0,2022-09-04 15:01:22,
Brochure_programma_FdI_qr_def.pdf,,,https://www.fratelli-italia.it/wp-content/uploads/2022/08/Brochure_programma_FdI_qr_def.pdf,,False,False,0,2022-09-04 07:47:00,
The Humiliating History of the TSA,Andy Baio,The Verge,https://www.theverge.com/c/23311333/tsa-history-airport-security-theater-homeland,6135,False,True,0,2022-09-05 16:20:26,content_11979626.html
What Is To Be Done? ‚Äî Fragments,L.M. Sacasas,The Convivial Society,https://theconvivialsociety.substack.com/p/what-is-to-be-done-fragments,3060,False,False,0,2022-09-04 21:28:59,content_11941714.html
[Mostly Weekly #183] I timbri giapponesi e la Costituzione americana,,,,4464,False,True,0,2022-09-04 15:12:55,content_12222050.html
Trump‚Äôs Second Term Would Look Like This,Jonathan Rauch,The Atlantic,https://abycats.online/2022/10/22/how-former-president-trump-clearly-describes-his-second-term/,2228,False,True,0,2022-09-05 07:44:59,content_11849196.html
La nuova tessera sanitaria non avr√† il microchip,Kevin Carboni,,https://www.wired.it/article/tessera-sanitaria-microchip-crisi/,477,False,True,0,2022-09-04 21:23:30,content_12244909.html
Non ci sono abbastanza microchip per le tessere sanitarie,,,https://www.ilpost.it/2022/08/30/crisi-microchip-tessere-sanitarie-cambia-funzioni/,511,False,True,0,2022-09-04 21:23:35,content_11892788.html
Come funzionano i chip di tessera sanitaria e carta di identit√†,Antonio Dini,,https://www.wired.it/article/come-funzionano-chip-tessera-sanitaria-carta-identita/,1272,False,True,0,2022-09-04 21:25:54,content_12244943.html
'Blockchain is bunk': Crypto critics find their voice,Benjamin Pimentel,Protocol,https://www.protocol.com/workplace/how-i-decided-edward-lee,2073,False,False,0,2022-09-04 15:14:32,content_12228083.html
Why EU capitals are rather wary of Liz Truss,,,,,False,False,0,2022-09-05 16:20:32,
https://www.nytimes.com/2022/09/08/style/david-shor-democrats.html?smid=nytcore-ios-share&referringSource=articleShare,,The New York Times,https://www.nytimes.com/2022/09/08/style/david-shor-democrats.html?smid=nytcore-ios-share&referringSource=articleShare,,False,False,0,2022-09-12 15:38:33,
'London Bridge is down': the secret plan for the days after the Queen‚Äôs death,Sam Knight,The Guardian,https://www.theguardian.com/uk-news/2017/mar/16/what-happens-when-queen-elizabeth-dies-london-bridge,8058,False,True,0,2022-09-19 16:52:17,content_224703.html
https://www.wired.it/gallery/iphone-14-apple-watch-prime-impressioni/,,,https://www.wired.it/gallery/iphone-14-apple-watch-prime-impressioni/,,False,False,0,2022-09-12 11:56:44,
An Ode to Code: A Dispatch from Kara Swisher's Last Code Conference,Eric Newcomer,Newcomer,https://www.newcomer.co/p/an-ode-to-code-a-dispatch-from-kara,2832,False,False,0,2022-09-14 18:50:45,content_12734338.html
Can the American Mall Survive?,Jillian Steinhauer,The New Republic,https://newrepublic.com/article/167260/can-american-mall-survive,3957,False,False,0,2022-09-26 18:50:34,content_11492928.html
Douglas Engelbart | Hidden Heroes,Doug Engelbart,,https://hidden-heroes-ng.webflow.io/douglas-engelbart,3022,False,False,0,2022-09-12 15:54:35,content_10312263.html
"‚ÄòA new way of life‚Äô: the Marxist, post-capitalist, green manifesto captivating Japan",Justin McCurry in Tokyo,The Guardian,https://www.theguardian.com/world/2022/sep/09/a-new-way-of-life-the-marxist-post-capitalist-green-manifesto-captivating-japan,983,False,True,0,2022-09-12 15:32:55,content_12699897.html
Trump Puts Himself on the Ballot Again,David Frum,The Atlantic,https://www.theatlantic.com/ideas/archive/2022/09/trump-pennsylvania-rally-republicans/671344/,783,False,True,0,2022-09-12 15:34:55,content_12262943.html
The Services iPhone,Ben Thompson,Stratechery,https://stratechery.com/2022/the-services-iphone/,2098,False,True,0,2022-09-12 15:59:14,content_12612050.html
[Mostly Weekly #184] La California e le elezioni in Italia passando da Londra,,,,2527,False,False,0,2022-09-12 11:56:20,content_12804817.html
Greece‚Äôs mounting troubles at home and abroad,,,,,False,False,0,2022-09-12 11:56:23,
Why energy ministers can‚Äôt agree on gas price caps,,,,,False,False,0,2022-09-12 11:56:26,
Will the ECB step up its inflation-fighting efforts?,,,,,False,False,0,2022-09-12 11:56:29,
EU governments to struggle delivering benefits of energy levies,,,,,False,False,0,2022-09-12 11:56:32,
Energy crisis revives EU common borrowing discussion,,,,,False,False,0,2022-09-12 11:56:35,
Why EU finance ministers face a tough balancing act,,,,,False,False,0,2022-09-12 11:59:24,
Roger Federer as Religious Experience (2006),David Foster Wallace,The New York Times,https://www.nytimes.com/2006/08/20/sports/playmagazine/20federer.html,6640,False,False,0,2022-10-10 19:02:59,content_155303.html
The Way We Live Now: 11-11-01; Lost and Found,Colson Whitehead,The New York Times,https://www.nytimes.com/2001/11/11/magazine/the-way-we-live-now-11-11-01-lost-and-found.html,1906,False,True,0,2022-09-19 11:45:38,content_420582.html
Letter from Utopia,Nick Bostrom,,https://www.nickbostrom.com/utopia.html,2752,False,True,0,2022-09-19 12:03:05,content_402702.html
Questing for Transcendence,T. Greer,Scholar's Stage,https://scholars-stage.org/questing-for-transcendence/,4243,False,True,0,2022-09-19 11:48:36,content_34331.html
Time Isn't Money,Jack Raines,,https://www.youngmoney.co/p/time-isnt-money-b288,1829,False,True,0,2022-09-19 11:57:59,content_2383476.html
"How to Be Great? Just Be Good, Repeatably",Steph Smith,Steph Smith's Blog,https://blog.stephsmith.io/how-to-be-great/,3219,False,False,0,2022-09-19 11:55:46,content_111108.html
Russian nationalist pressure on Putin,,,,,False,False,0,2022-09-18 13:50:50,
"EU energy plans face headwinds from capitals, industry",,FT Editor's Choice,,,False,False,0,2022-09-18 13:50:50,
"Putin and Xi, still partners with ‚Äòno limits‚Äô?",,,,,False,False,0,2022-09-18 13:50:50,
Why the EU is Moldova‚Äôs only option in Russian energy crunch,,,,,False,False,0,2022-09-18 13:50:51,
"Ukraine, energy crisis to dominate State of the Union speech",,,,,False,False,0,2022-09-18 13:50:52,
"[Mostly Weekly #185] Guerre, Pipeline problems e il dossier lavoro",,,,5238,False,True,0,2022-09-19 11:22:48,content_13223657.html
It‚Äôs Time to Prepare for a Ukrainian Victory,Anne Applebaum,The Atlantic,https://www.theatlantic.com/ideas/archive/2022/09/ukraine-victory-russia-putin/671405/,1394,False,True,0,2022-09-22 14:06:39,content_12825716.html
I Wish I Was a Little Bit Taller,Chris Gayomali,GQ,https://www.gq.com/story/leg-lengthening,4524,False,False,0,2022-09-19 16:55:27,content_13037581.html
European leaders attend Queen‚Äôs funeral before heading to UN,,,,,False,False,0,2022-09-19 11:10:53,
Why Italy needs a safe pair of hands at the finance ministry,,,,,False,False,0,2022-09-22 14:06:52,
EU at pains to even out support with energy bills,,,,,False,False,0,2022-09-22 14:06:59,
Why free traders are on the defensive in the European Commission,,,,,False,False,0,2022-09-22 14:07:02,
Why Italy‚Äôs diaspora is exasperated with remote voting,,,,,False,False,0,2022-09-23 08:26:18,
Cozy futurism,Jos√© Luis Ric√≥n (Artir),Nintil,https://nintil.com/cozy-futurism,981,False,True,0,2022-09-26 19:01:29,content_214924.html
On Medici and Thiel,Rohit,Strange Loop Canon,https://www.strangeloopcanon.com/p/on-medici-and-thiel,2506,False,True,0,2022-09-26 19:06:12,content_371791.html
A Progress Studies History of Early MIT ‚Äî Part 1: Training the engineers who built the country,Eric Gilliam,FreakTakes,https://freaktakes.substack.com/p/a-progress-studies-history-of-early,8265,False,False,0,2023-02-06 10:12:45,content_10309895.html
Taipei. A Portrait.,,Digital Reflections,https://reflectiondigital.substack.com/p/taipei-a-portrait,2137,False,True,0,2022-12-31 15:37:34,content_12456196.html
"Scenius, or Communal Genius",Kevin Kelly,The Technium,https://kk.org/thetechnium/scenius-or-comm/,919,False,True,0,2022-09-26 19:03:53,content_199865.html
Charter Cities.pdf,,,,,False,False,0,2022-09-25 16:08:38,
Putin‚Äôs Kremlin Is in Disarray,Anne Applebaum,The Atlantic,https://www.theatlantic.com/ideas/archive/2022/09/putin-speech-delay-ukraine-world-leaders/671495/,1046,False,True,0,2022-09-26 19:07:22,content_13553412.html
Unabridged.,"Joy Lere, Psy.D.",Freud + Finance,https://joylere.substack.com/p/unabridged,1044,False,True,0,2022-09-26 19:09:12,content_12766917.html
Why EU‚Äôs fresh Russia sanctions remain elusive,,,,,False,False,0,2022-09-27 09:37:21,
Italy veers right and away from EU‚Äôs centre of power,,,https://www.ft.com/content/86d8e31f-68fb-4cf1-b5a8-b65eac942bd7,1809,False,False,0,2022-09-27 09:37:23,content_13799013.html
[Mostly Weekly #186] Come pensare quando si ha paura,,,,4947,False,False,0,2022-09-27 09:37:29,content_13754338.html
EU battles to keep united front in face of far-right successes  ,,,,,False,False,0,2022-09-27 09:37:30,
We Need a New Science of Progress,Patrick Collison and Tyler Cowen,The Atlantic,https://www.theatlantic.com/science/archive/2019/07/we-need-new-science-progress/594946/,2052,False,True,0,2022-10-03 15:59:59,content_33299.html
Where to Live,Simon Sarris,The Map is Mostly Water,https://simonsarris.substack.com/p/where-to-live,1178,False,True,0,2022-10-02 17:50:17,content_58153.html
The Disappearing Art Of Maintenance,Alex Vuocolo,Noema,https://www.noemamag.com/the-disappearing-art-of-maintenance,4330,False,True,0,2022-11-01 12:52:35,content_13595553.html
The Filing Cabinet,,Places Journal,https://placesjournal.org/article/the-filing-cabinet-and-20th-century-information-infrastructure/,4532,False,True,0,2022-10-03 18:39:55,content_267497.html
Becoming a magician,autotranslucence,,https://autotranslucence.wordpress.com/2018/03/30/becoming-a-magician/,2201,False,True,0,2022-11-01 12:52:39,content_45155.html
Nvidia In the Valley,Ben Thompson,Stratechery,https://stratechery.com/2022/nvidia-in-the-valley/,4061,False,True,0,2022-11-21 15:34:12,content_13819783.html
Why limited EU loans for unemployed could be replicated ,,,,,False,False,0,2022-10-02 14:55:05,
Why crafting an EU gas price cap is taking so long,,,,,False,False,0,2022-10-02 14:55:06,
EU ploughs ahead on sanctions as Putin annexes Ukrainian regions,,FT Editor's Choice,,,False,False,0,2022-10-02 14:55:07,
European left‚Äôs recovery shows signs of going into reverse,,,,,False,False,0,2022-10-02 14:55:10,
[Mostly Weekly #187] Tempi duri per i monopolisti e speciale software,,,,3774,False,True,0,2022-10-02 15:06:27,content_14115921.html
Boom! Antitrust Bill Passed,Matt Stroller,BIG,https://mattstoller.substack.com/p/boom-antitrust-bill-passed,3478,False,True,0,2022-10-04 14:02:51,content_14092018.html
Aging programmer,Jorge Manrubia,,https://world.hey.com/jorge/aging-programmer-d448bdec,614,False,False,0,2022-10-02 17:50:20,content_13733765.html
Le ‚Äúcucine fantasma‚Äù si aggirano per l'Europa,,,https://www.ilpost.it/2022/09/27/problemi-dark-kitchen-cucine-fantasma-europa-italia/,2370,False,True,0,2022-10-02 17:50:19,content_13903720.html
"DALL-E, the Metaverse, and Zero Marginal Content (Stratechery Article 4-12-2022)",Ben Thompson,Stratechery,https://stratechery.com/2022/dall-e-the-metaverse-and-zero-marginal-content/,2229,False,True,0,2022-10-10 19:07:34,content_3438371.html
"Socialite, Widow, Jeweller, Spy: How a GRU Agent Charmed Her Way Into NATO Circles in Italy",Christo Grozev,Bellingcat,https://www.bellingcat.com/news/2022/08/25/socialite-widow-jeweller-spy-how-a-gru-agent-charmed-her-way-into-nato-circles-in-italy/,5500,False,False,0,2022-11-07 17:17:35,content_11703694.html
The iPad isn't a big iPhone or a touch-screen Mac-so what is it?,Dan Moren,,https://www.macworld.com/article/1339589/the-ipad-needs-to-get-out-from-the-shadow-of-the-iphone-and-mac.html,989,False,True,0,2022-10-16 10:53:48,content_14172531.html
The CIA Thought Putin Would Quickly Conquer Ukraine. Why Did They Get It So Wrong?,Ken Klippenstein,The Intercept,https://theintercept.com/2022/10/05/russia-ukraine-putin-cia/,1520,False,True,0,2022-10-30 21:07:44,content_14365270.html
South Caucasus tests the EU‚Äôs geopolitical ambitions,,,,,False,False,0,2022-10-09 09:55:34,
Europe‚Äôs fiscal discussions heat up ahead of cold winter,,,,,False,False,0,2022-10-09 09:54:13,
Nascent pan-European grouping to hold second meeting in Moldova,,,,,False,False,0,2022-10-09 09:54:14,
EU funding fights over energy spell trouble ahead,,,,,False,False,0,2022-10-09 09:54:15,
Why some leaders are happier than others to go to Prague,,,,,False,False,0,2022-10-09 09:54:16,
EU leaders to clash on energy measures in Prague,,FT Editor's Choice,,,False,False,0,2022-10-09 09:54:17,
[Mostly Weekly #188] Cucire un nuovo abito per l'umanit√† e la natura,,,,3148,False,True,0,2022-10-09 10:01:29,content_14552140.html
I come bringing good news about hydrogen,Noah Smith,Noahpinion,https://noahpinion.substack.com/p/i-come-bringing-good-news-about-hydrogen,2319,False,False,0,2022-10-10 18:51:32,content_14116479.html
Learn Enough Text Editor to Be Dangerous,,,https://www.learnenough.com/text-editor-tutorial/,1356,False,True,0,2022-10-16 10:17:19,content_14554952.html
Notes on Progress: An Englishman in New York,Works in Progress,Works in Progress,https://worksinprogress.substack.com/p/notes-on-progress-an-englishman-in,1965,False,True,0,2022-10-10 18:46:43,content_14468725.html
Ukraine Holds the Future,Timothy Snyder,Foreign Affairs,https://www.foreignaffairs.com/ukraine/ukraine-war-democracy-nihilism-timothy-snyder,6574,False,True,0,2022-10-16 14:16:54,content_12683945.html
The Most Precious Resource is Agency,Simon Sarris,The Map is Mostly Water,https://simonsarris.substack.com/p/the-most-precious-resource-is-agency,1441,False,True,0,2022-10-10 19:12:09,content_337307.html
A history of botany and colonialism touched off by a moss bed,Aeon,Aeon,https://www.theguardian.com/environment/2022/nov/03/the-many-meanings-of-moss,4561,False,False,0,2022-11-07 17:17:46,content_12606944.html
Why we stopped making Einsteins,Erik Hoel,The Intrinsic Perspective,https://erikhoel.substack.com/p/why-we-stopped-making-einsteins,4175,False,True,0,2022-10-10 19:01:26,content_2487312.html
Little Rules About Big Things,Morgan Housel,Collaborative Fund,https://collabfund.com/blog/little-rules-about-big-things/,2234,False,False,0,2022-10-29 20:55:46,content_14753250.html
The Death of Intellectual Curiosity,-Naval Ravikant,Sven Schneiders,https://svenschnieders.github.io/curiosity/,3085,False,True,0,2022-12-10 18:04:06,content_729695.html
Ill With Want,L.M. Sacasas,The Convivial Society,https://theconvivialsociety.substack.com/p/ill-with-want,2587,False,True,0,2022-11-07 22:47:05,content_359787.html
My Sarajevo,,The Los Angeles Review of Books,https://lareviewofbooks.org/article/my-sarajevo/,1647,False,True,0,2022-10-16 10:58:48,content_14861199.html
how to avoid half-heartedness,Ava,Substack,https://ava.substack.com/p/how-to-avoid-half-heartedness,844,False,True,0,2022-10-29 21:00:50,content_212241.html
Chi (non) fa funzionare lo Stato,Sabino Cassese,,https://www.corriere.it/opinioni/22_ottobre_08/chi-non-fa-funzionare-stato-762948ca-472b-11ed-8ee2-07ab17a2d97d.shtml,985,False,True,0,2022-10-16 10:21:21,content_14975830.html
Il linguaggio politicamente corretto in azienda,,,https://www.sparringroup.it/il-linguaggio-politicamente-corretto-in-azienda/,713,False,True,0,2022-10-29 21:01:00,content_14975454.html
How you attach to people may explain a lot about your inner life,Most popular,The Guardian,https://www.theguardian.com/science/2020/jan/10/psychotherapy-childhood-mental-health,4066,False,True,0,2022-12-23 20:01:00,content_48061.html
[Mostly Weekly #189] Ritrovare la dignit√† del lavoro e altre storie globali,,,,2885,False,True,0,2022-10-16 10:12:09,content_14972467.html
The Shopping Cure,Anne Helen Petersen,Culture Study,https://annehelen.substack.com/p/the-shopping-cure,2102,False,False,0,2022-11-07 16:57:21,content_262719.html
"Tacete, lo straniero vi ascolta. E sghignazza",Mario Seminerio,,https://phastidio.net/2022/10/19/tacete-lo-straniero-vi-ascolta-e-sghignazza/,1160,False,True,0,2022-10-23 22:10:57,content_15168021.html
Semaform and function,Jon Allsop,CJR Editors,https://www.cjr.org/the_media_today/semafor_launch_review.php,2849,False,True,0,2022-11-07 17:45:39,content_15171592.html
Elite Capture,Nicholas Whittaker,The Point Magazine,https://thepointmag.com/politics/elite-capture/,4033,False,False,0,2023-02-06 10:16:10,content_15120886.html
Umberto Eco's Guide to Writing a Thesis,Umberto Eco,The MIT Press Reader,https://thereader.mitpress.mit.edu/umberto-eco-how-to-write-a-thesis/,2986,False,True,0,2022-11-21 05:52:13,content_1464926.html
Biomanufactured materials are coming,Tsung Xu,,https://www.tsungxu.com/p/performance-biomaterials,11106,False,True,0,2022-11-15 12:21:09,content_12005506.html
The Art of Dying,Peter Schjeldahl,The New Yorker,https://www.newyorker.com/magazine/2019/12/23/the-art-of-dying,9168,False,False,0,2023-02-06 10:12:48,content_4408.html
The Terrifying Car Crash That Inspired a Masterpiece,Ted Geltner,The New Yorker,https://www.newyorker.com/news/american-chronicles/the-terrifying-car-crash-that-inspired-a-masterpiece,3235,False,False,0,2023-02-06 10:12:51,content_14418033.html
Double-duration Compact Disc (1987 - 1988),,,https://obsoletemedia.org/double-duration-compact-disc/,261,False,False,0,2022-10-29 21:01:53,content_15406337.html
Amazon Is Becoming the Everything Tracker,Chris Gilliard,The Atlantic,https://www.theatlantic.com/technology/archive/2022/10/amazon-tracking-devices-surveillance-state/671772/,1435,False,True,0,2022-10-23 22:13:37,content_15071532.html
Starlink signals can be reverse-engineered to work like GPS-whether SpaceX likes it or not,Mark Harris,MIT Technology Review,https://www.technologyreview.com/2022/10/21/1062001/spacex-starlink-signals-reverse-engineered-gps/,1011,False,True,0,2022-10-29 20:53:52,content_15287747.html
How Team Boris became Team Rishi,Annabelle Dickson,,https://www.politico.eu/article/uk-prime-minister-boris-johnson-rishi-sunak-downing-street-dominic-cummings-advisers-joint-unit/,2759,False,False,0,2022-10-29 20:58:19,content_15407258.html
https://www.welcometothejungle.com/en/jobs,,,https://www.welcometothejungle.com/en/jobs,,False,False,0,2022-11-28 21:35:17,
Exit the supersensorium,Erik Hoel,The Intrinsic Perspective,https://erikhoel.substack.com/p/exit-the-supersensorium,5726,False,True,0,2022-11-07 22:56:16,content_15176077.html
Democracies correct their mistakes. Dictatorships double down.,Max Boot Columnist,The Washington Post,https://www.washingtonpost.com/opinions/2022/10/26/democracies-advantages-dictatorships-putin-xi/,942,False,True,0,2022-11-07 08:02:10,content_15714431.html
The end of the system of the world,Noah Smith,Noahpinion,https://noahpinion.substack.com/p/the-end-of-the-system-of-the-world,3219,False,True,0,2022-12-06 20:34:56,content_15584334.html
COVID-19 Origins: Investigating a ‚ÄúComplex and Grave Situation‚Äù Inside a Wuhan Lab,Katherine Eban,Vanity Fair,https://www.vanityfair.com/news/2022/10/covid-origins-investigation-wuhan-lab,9396,False,False,0,2022-12-23 20:01:12,content_15777702.html
Prickles and Goo,Kevin Simler,Melting Asphalt,https://meltingasphalt.com/prickles-and-goo/,2756,False,True,0,2023-01-25 13:25:26,content_190401.html
Don‚Äôt Surround Yourself With Smarter People,Venkatesh Rao,Ribbonfarm,https://www.ribbonfarm.com/2014/11/05/dont-surround-yourself-with-smarter-people/,4233,False,True,0,2023-01-19 11:16:34,content_157528.html
Why I (Still) Love Tech: In Defense of a Difficult Industry,Paul Ford,Wired,https://www.wired.com/story/why-we-love-tech-defense-difficult-industry/,4959,False,False,0,2022-10-29 20:50:50,content_937633.html
The Mysterious Meeting between Niels Bohr and Werner Heisenberg,,,http://www.nww2m.com/2011/09/the-mysterious-meeting-between-niels-bohr-and-werner-heisenberg/,3432,False,True,0,2022-12-31 15:38:02,content_15884815.html
Mattei l' uomo mistero,Archivio Cerca,,https://ricerca.repubblica.it/repubblica/archivio/repubblica/2000/08/03/mattei-uomo-mistero.html,2127,False,True,0,2022-11-07 17:27:22,content_15906668.html
"[Mostly Weekly #191] Mojibake, manga e AI",,,,2844,False,True,0,2023-02-27 09:38:05,content_15905367.html
Workism Is Making Americans Miserable,Derek Thompson,The Atlantic,https://www.theatlantic.com/ideas/archive/2019/02/religion-workism-making-americans-miserable/583441/,242,False,False,0,2022-11-07 17:32:06,content_118831.html
"Charlie, decidersi",,Il Post,,3069,False,True,0,2022-11-01 12:53:32,content_15904152.html
"Politics, Friendship, and the Search for Meaning",David Corey,Comment,https://clip.demochen.com/2022/12/06/politics-friendship-and-the-search-for-meaning/index.html,2939,False,True,0,2022-11-07 08:02:15,content_16142079.html
A Private ARPA user manual,Ben Reinhardt,Benjamin Reinhardt,https://benjaminreinhardt.com/parpa,80460,False,False,0,2022-12-10 18:14:15,content_246801.html
Chips and China,Ben Thompson,Stratechery,https://stratechery.com/2022/chips-and-china/,5103,False,False,0,2022-11-07 16:57:11,content_15542946.html
Are We Living Under ‚ÄòTechnofeudalism‚Äô?,Malcolm Harris,Intelligencer,https://nymag.com/intelligencer/2022/10/what-is-technofeudalism.html,1371,False,True,0,2022-11-07 08:06:28,content_15767535.html
How Google‚Äôs Ad Business Funds Disinformation Around the World,"by Craig Silverman, Ruth Talbot, Jeff Kao and Anna Kl√ºhspies",ProPublica,https://www.propublica.org/article/google-alphabet-ads-fund-disinformation-covid-elections,6616,False,False,0,2023-02-09 16:32:55,content_15862133.html
"iPhone 14 Pro Camera Review: A Small Step, A Huge Leap",Sebastiaan de With,Daring Fireball,https://lux.camera/iphone-14-pro-camera-review-a-small-step-a-huge-leap/,7713,False,False,0,2022-11-07 16:44:50,content_16032074.html
Why Eric Schmidt became an AI cold war hype master,Tomio Geron,Protocol,https://www.protocol.com/enterprise/eric-schmidt-ai-china,3984,False,True,0,2023-02-27 09:38:15,content_15957824.html
Garmin Instinct Solar Review: What‚Äôs New & Different,DC Rainmaker,,https://www.dcrainmaker.com/2020/07/garmin-instinct-solar-review-whats-new-different.html,5772,False,False,0,2022-11-07 08:02:07,content_9989083.html
Stratechery by Ben Thompson,Ben Thompson,Stratechery,https://stratechery.com/2018/the-end-of-windows/,2220,False,False,0,2022-11-07 16:57:17,content_96223.html
Using GPT-3 to augment human intelligence,Henrik Olof Karlsson,Escaping Flatland,https://escapingflatland.substack.com/p/gpt-3,3836,False,False,0,2022-12-05 16:24:59,content_10944470.html
A New Materials Paradigm Is Overdue,Tsung Xu,,https://www.tsungxu.com/p/materials-paradigm,5440,False,True,0,2022-11-08 12:43:51,content_11007088.html
"[Mostly Weekly #192] Twitter, meritocrazia e tecnofeudalesimo",,,,4195,False,False,0,2022-11-07 17:48:15,content_16362564.html
Are Modern Bicycles the End of DIY Maintenance?,Ben Tepler,,https://www.outsideonline.com/outdoor-gear/bikes-and-biking/modern-bicycles-the-end-of-diy-mechanic/,1853,False,True,0,2022-11-08 12:50:48,content_16103475.html
You Don‚Äôt Want a World Without Manual Transmission,Ian Bogost,The Atlantic,https://www.theatlantic.com/technology/archive/2022/08/stick-shift-manual-transmission-cars/671078/,1321,False,True,0,2022-11-08 12:51:30,content_10845578.html
"Integrated Road Bikes Perform Better, but at What Cost?",agintzler,,https://www.outsideonline.com/outdoor-gear/bikes-and-biking/integrated-road-bike-trend/,2574,False,True,0,2022-11-08 13:08:40,content_16479071.html
12ft | Bank of England goes into full crisis management mode | Financial Times,,,https://12ft.io/proxy,,False,False,0,2023-01-24 15:20:20,
Nasir Ahmed and the image society,Steven Johnson,,https://hiddenheroes.netguru.com/nasir-ahmed,3560,False,True,0,2023-01-23 10:01:52,content_16546052.html
Escaping the Digital Dark Age,Stewart Brand,Blog of the Long Now,https://longnow.org/ideas/escaping-the-digital-dark-age/,1692,False,True,0,2022-11-15 13:25:43,content_11974268.html
"[Mostly Weekly #193] ‚ÄåLa pazzia di Elon Musk, gli artigiani gli utenti e le AI",,,,2699,False,False,0,2022-11-13 15:06:29,content_16789233.html
Thinking together,Gordon Brander,Subconscious,https://clip.demochen.com/2022/12/04/thinking-together/index.html,2093,False,True,0,2022-11-20 17:40:00,content_16429302.html
Bed Habits,Rachel Handler,Vulture,https://www.vulture.com/article/is-falling-asleep-to-tv-really-so-bad.html,6957,False,True,0,2023-01-29 18:36:51,content_16400618.html
https://www.kobo.com/it/blog/se-ami-i-libri-leggi-con-lereader,,,https://www.kobo.com/it/blog/se-ami-i-libri-leggi-con-lereader,,False,False,0,2023-01-07 20:02:38,
The Reluctant Prophet of Effective Altruism,Gideon Lewis-Kraus,The New Yorker,https://www.newyorker.com/magazine/2022/08/15/the-reluctant-prophet-of-effective-altruism,10235,False,True,0,2023-01-07 19:47:18,content_10817598.html
This genetically engineered houseplant does the work of 30 air purifiers,Joanna Thompson,Inverse,https://www.inverse.com/innovation/genetically-modified-houseplant-air-purifier,1026,False,True,0,2022-11-20 16:50:54,content_16649539.html
What Do We Lose If We Lose Twitter?,Charlie Warzel,The Atlantic,https://www.theatlantic.com/technology/archive/2022/11/social-media-without-twitter-elon-musk/672158/,251,False,True,0,2022-11-21 17:48:58,content_17067103.html
"The Beautiful, Brutal World of Bonsai",Robert Moor,The New Yorker,https://www.newyorker.com/magazine/2022/11/21/the-beautiful-brutal-world-of-bonsai,7011,False,False,0,2023-02-06 10:12:54,content_16869135.html
Dunbar-scale social,Gordon Brander,Subconscious,https://subconscious.substack.com/p/dunbar-scale-social,987,False,True,0,2022-12-10 18:13:49,content_798896.html
The Need to Read,Paul Graham,,http://paulgraham.com/read.html,444,False,True,0,2022-11-28 21:54:17,content_17515899.html
Chapter 1. Hacker Slang and Hacker Culture,Eric S. Raymond,,http://www.catb.org/jargon/html/introduction.html,1059,False,True,0,2022-12-10 18:07:48,content_1204460.html
Criticizing Computers,Anna-Sofia Lesiv,,https://annasofia.xyz/2022/11/05/criticizing-computers.html,1664,False,False,0,2022-12-06 23:33:15,content_16354803.html
The Return of the Scarlet Letter,Anne Applebaum,The Atlantic,https://www.theatlantic.com/magazine/archive/2021/10/new-puritans-mob-justice-canceled/619818/,7846,False,True,0,2023-02-08 13:30:36,content_427050.html
Giovanni van Bronckhorst and the Irresistible Allure of the Long-Range Goal,Brian Phillips,The Ringer,https://www.theringer.com/2022/11/9/23449090/22-goals-world-cup-long-range-bomb-giovanni-van-bronckhorst,5812,False,False,0,2023-01-08 22:42:34,content_16537403.html
"[Mostly Weekly #195] Exchange, oggetti degli altri, il censimento dei ricordi fascisti",,,https://newsletters.feedbinusercontent.com/1c8/1c80450c4d6fc1448a92947ee51977d91fc36216.html,5062,False,False,0,2022-11-28 11:02:55,content_17572399.html
China's Protests: Harbinger or Passing Storm?,Jordan Schneider,ChinaTalk,https://www.chinatalk.media/p/chinas-protests-harbinger-or-passing,2105,False,True,0,2022-12-10 17:53:36,content_17615703.html
China‚Äôs Silicon Future,,Asterisk Mag,https://asteriskmag.com/issues/1/china-s-silicon-future,4320,False,True,0,2022-12-10 13:42:51,content_17275413.html
How to Prevent the Next Pandemic,,Asterisk Mag,https://asteriskmag.com/issues/1/how-to-prevent-the-next-pandemic,4767,False,False,0,2023-02-06 10:16:16,content_17277853.html
Why Does Everything On Netflix Look Like That?,Emanuel Maiberg,VICE,https://www.vice.com/en/article/ake3j5/why-does-everything-on-netflix-look-like-that,1630,False,True,0,2022-12-05 16:31:52,content_11147398.html
"China harvests masses of data on Western targets, documents show",Cate Cadell,The Washington Post,https://www.washingtonpost.com/national-security/china-harvests-masses-of-data-on-western-targets-documents-show/2021/12/31/3981ce9c-538e-11ec-8927-c396fa861a71_story.html,2911,False,True,0,2022-12-08 14:29:05,content_1475543.html
"L‚ÄôEuropa tra gli Investimenti di Cina e Taiwan e i rischi della ""dollar diplomacy""",Di Leonardo Bruni,,https://www.orizzontipolitici.it/leuropa-tra-gli-investimenti-di-cina-e-taiwan-e-i-rischi-della-dollar-diplomacy/,1272,False,True,0,2022-12-10 17:47:48,content_18034237.html
America‚Äôs top universities reap the benefit of Italian-trained scientists,La Porta,Nature,https://www.nature.com/articles/d43978-022-00163-5,1139,False,True,0,2022-12-06 23:45:31,content_18098128.html
GPT-4 Rumors From Silicon Valley,Alberto Romero,,https://thealgorithmicbridge.substack.com/p/gpt-4-rumors-from-silicon-valley,1356,False,True,0,2022-12-04 21:30:42,content_16687776.html
What Kind of Man Was Anthony Bourdain?,Ben Rhodes,The Atlantic,https://www.theatlantic.com/books/archive/2022/11/anthony-bourdain-down-and-out-in-paradise-book/672284/,1840,False,False,0,2023-01-29 18:40:42,content_17706514.html
How the First Transistor Worked,Glenn Zorpette,IEEE Spectrum,https://spectrum.ieee.org/transistor-history,2773,False,True,0,2023-02-09 16:34:27,content_17205653.html
True Love Is The Most Important Thing In The World: A Coasian/Evolutionary Approach,Byrne Hobart,Medium,https://byrnehobart.medium.com/true-love-is-the-most-important-thing-in-the-world-a-coasian-evolutionary-approach-8af8dbfc8bb9,1195,False,False,0,2023-01-25 13:19:51,content_7821423.html
52 things I learned in 2022,Tom Whitwell,Medium,https://medium.com/magnetic/52-things-i-learned-in-2022-db5fcd4aea6e,1561,False,True,0,2022-12-05 16:37:17,content_17856825.html
Mapping out the tribes of climate,Nadia Asparouhova,,https://nadia.xyz/climate-tribes,8073,False,False,0,2023-02-06 10:16:58,content_17801803.html
Global per capita CO‚ÇÇ emissions have (still) peaked,Hannah Ritchie,Hannah Ritchie from Sustainability ‚Äì without the hot air,https://hannahritchie.substack.com/p/global-per-capita-co-emissions-have,402,False,True,0,2022-12-05 16:26:21,content_18198706.html
The Psychosocial Beauty of r/AmITheAsshole,,Superb Owl,https://superbowl.substack.com/p/the-psychosocial-beauty-of-ramitheasshole,1342,False,True,0,2022-12-05 16:28:15,content_17786452.html
China to Hunt Down ‚ÄòIncorrect and Non-Standard‚Äô Fonts,Sixth Tone,Sixth Tone,https://www.sixthtone.com/news/1010091/china-to-hunt-down-incorrect-and-non-standard-fonts,672,False,True,0,2022-12-06 20:24:14,content_3462157.html
Alice nel paese delle meraviglie 3.0: il mondo parallelo di ChatGPT,,,https://www.paolobenanti.com/post/chatgpt-alice,2051,False,True,0,2022-12-06 20:21:34,content_18232432.html
"Italy hosts largest number of shadow Chinese ‚Äòpolice stations‚Äô worldwide, report saysÔøº",Wilhelmine Preussen,POLITICO,https://www.politico.eu/article/italy-hosts-most-illegal-chinese-police-stations-worldwide-report/,391,False,True,0,2022-12-06 20:15:31,content_18195195.html
"[Mostly Weekly #196] Batterie indonesiane, wallet argentini e dodecaedri romani",,,https://newsletters.feedbinusercontent.com/a6a/a6a9eac52b3ba24ac333e17819d6fc350c789899.html,3102,False,False,0,2022-12-06 10:48:57,content_18095993.html
The promise and the peril of ChatGPT,,Platformer,,829,False,True,0,2022-12-06 23:47:13,content_18252171.html
ChatGPT and the Future of Domain Expertise,Kevin Xu,Kevin Xu @ Interconnected,https://interconnected.blog/chatgpt-and-the-future-of-domain-expertise/,1283,False,True,0,2022-12-11 13:52:55,content_18277004.html
Generative AI: autocomplete for everything,Noah Smith,Noahpinion,https://noahpinion.substack.com/p/generative-ai-autocomplete-for-everything,3176,False,True,0,2022-12-20 07:34:12,content_17832114.html
The global energy crisis ‚Äúturbocharged‚Äù renewable energy growth,Justine Calma,The Verge,https://www.theverge.com/2022/12/6/23496267/renewable-energy-crisis-turbocharged-iea-report-russia-ukraine-war,508,False,False,0,2022-12-06 23:42:35,content_18295558.html
"Samsung Backstabs The DRAM Cartel ‚Äì Capital Expenditure Cuts, 130 Manufacturing Projects, 60 Companies Report",,SemiAnalysis,,1576,False,True,0,2022-12-08 14:21:33,content_18372993.html
Migrating from Pandemic China,Irene Zhang,ChinaTalk,https://www.chinatalk.media/p/migrating-from-pandemic-china,3727,False,True,0,2023-02-08 11:03:28,content_18394504.html
"Sanctions forcing Russia to use appliance parts in military gear, U.S. says",Jeanne Whalen,The Washington Post,https://www.washingtonpost.com/technology/2022/05/11/russia-sanctions-effect-military/,601,False,True,0,2022-12-10 18:06:36,content_18401021.html
AI bot ChatGPT writes smart essays - should academics worry?,Chris Stokel-Walker,Nature,https://www.nature.com/articles/d41586-022-04397-7,755,False,True,0,2022-12-10 18:05:31,content_18451083.html
"JavaScript, Shudder, Chat Apps, Concordia, Signia",WIRED Staff,Wired,https://www.wired.com/story/why-we-love-tech-better-humans/,1702,False,True,0,2023-01-07 14:26:45,content_6341594.html
The Extended Internet Universe,Venkatesh Rao,,https://studio.ribbonfarm.com/p/the-extended-internet-universe,1472,False,True,0,2022-12-10 18:33:43,content_852611.html
IEDM: DTCO & More than Moore,Mule,Fabricated Knowledge,https://www.fabricatedknowledge.com/p/iedm-dtco-and-more-than-moore,1938,False,True,0,2023-02-06 17:45:50,content_18504338.html
"Charlie, da homepage a timeline",,Il Post,,2502,False,True,0,2022-12-17 19:27:37,content_18521176.html
[Mostly Weekly #197] La notte che l'AI bruci√≤ Cory Doctorow,,,https://newsletters.feedbinusercontent.com/b3e/b3e2da68d9c40a9a2ee565c0df650c2fcc50c204.html,5184,False,True,0,2022-12-20 07:41:15,content_18521052.html
The Founding of ASML - Part 1: The Philips Era,,Barnabas from Bitrise (via duck.com),,2928,False,True,0,2023-02-09 15:33:09,content_18535851.html
"Marvell's Vision ‚Äì Custom Silicon, CXL, DPUs, Ethernet, Optical, Telecom, Storage, Automotive, SerDes, 2025 Revenu‚Ä¶",,SemiAnalysis,,3513,False,False,0,2023-01-25 12:53:15,content_18539822.html
"Dollars to Megabits, You May Be Paying 400 Times As Much As Your Neighbor for Internet Service",Leon Yin and Aaron Sankin,The Markup,https://themarkup.org/still-loading/2022/10/19/dollars-to-megabits-you-may-be-paying-400-times-as-much-as-your-neighbor-for-internet-service,2509,False,True,0,2023-01-23 20:01:30,content_15166402.html
The Cold Wind of Historical Nihilism,Jon Sine,ChinaTalk,https://www.chinatalk.media/p/learning-from-the-soviet-collapse,4931,False,True,0,2023-02-08 11:40:01,content_17918180.html
Globalization is Dead and No One is Listening,Kevin Xu,Interconnected,https://interconnected.blog/globalization-is-dead-and-no-one-is-listening/,2038,False,True,0,2022-12-17 19:30:56,content_18608900.html
A Bombshell For U.S.-China Tech Relations,Jordan Schneider,ChinaTalk,https://www.chinatalk.media/p/a-bombshell-for-us-china-tech-relations,826,False,True,0,2022-12-17 19:27:32,content_18772516.html
An Early Look at Matter on the Web,Matt Birchler,The Sweet Setup,https://thesweetsetup.com/an-early-look-at-matter-on-the-web/,846,False,True,0,2022-12-17 19:27:34,content_4872798.html
ChatGPT: China's AI Researchers React,Irene Zhang,ChinaTalk,https://www.chinatalk.media/p/chatgpt-chinas-ai-researchers-react,2573,False,True,0,2023-01-07 14:19:07,content_18854072.html
"The Cinematography of ""The Incredibles"" Part 1",Posted Ron,FloobyNooby,https://floobynooby.blogspot.com/2013/12/the-cinematography-of-incredibles-part-1.html,6510,False,False,0,2022-12-18 14:13:34,content_434179.html
"The weird, worrisome mystery behind America's plague of purple streetlights",Adam Rogers,Business Insider,https://www.businessinsider.com/led-city-streetlights-turning-purple-broken-tech-danger-2022-11,2091,False,True,0,2022-12-20 17:44:08,content_17704535.html
"Il Black and White Ball di Truman Capote, il party pi√π fascinoso di sempre",Di Lorenzo,Harpers Bazaar,https://www.harpersbazaar.com/it/moda/storie/a39043792/black-white-ball-truman-capote/,687,False,True,0,2022-12-20 17:31:25,content_19176155.html
Turisti del web,Priscilla De Pace / Aram Bartholl,,https://www.iltascabile.com/societa/turisti-del-web/,2532,False,True,0,2022-12-23 19:48:45,content_19176159.html
"Giovanni Bazoli: ""La P2 non fin√¨ con Calvi e cerc√≤ di ostacolarmi. Convinsi Silvio a comprare il Milan""",Aldo Cazzullo,Corriere.it - Homepage,https://www.corriere.it/cronache/22_dicembre_11/giovanni-bazoli-la-p2-non-fini-calvi-cerco-ostacolarmi-convinsi-berlusconi-comprare-milan-9dcc06ce-78cc-11ed-826e-c8ce3b8cd17b.shtml,2809,False,True,0,2022-12-20 17:39:40,content_18524010.html
Apple GPU drivers now in Asahi Linux,sohkamyung,,https://asahilinux.org/2022/12/gpu-drivers-now-in-asahi-linux/,1559,False,True,0,2022-12-22 19:07:25,content_18328354.html
How to Use ChatGPT and Still Be a Good Person,Brian X. Chen,The New York Times,https://www.nytimes.com/2022/12/21/technology/personaltech/how-to-use-chatgpt-ethically.html,63,False,False,0,2022-12-31 15:46:10,content_19274408.html
Google is panicking over the ability of the ChatGPT bot to answer user questions,,,https://mezha.media/en/2022/12/22/google-is-panicking-over-the-ability-of-the-chatgpt-bot-to-answer-user-questions/,1037,False,True,0,2022-12-31 15:41:16,content_19536184.html
</> htmx - Documentation,tosh,,https://htmx.org/docs/,7352,False,False,0,2023-01-08 22:42:34,content_18800305.html
http://library.lol/main/4421EF7DB6340F58DC1A275B73F225A3,Christian Salmon,,http://library.lol/main/4421EF7DB6340F58DC1A275B73F225A3,175,False,False,0,2022-12-27 20:35:10,content_19642196.html
I Took the Cheapest Flight Everyday and Ended up in...,,,https://www.youtube.com/watch?v=FpYtolulP8w,,False,False,0,2023-01-03 20:49:06,
Project 345 Gets (A Little) Serious,Author,,http://www.speedhunters.com/2022/12/project-345-gets-little-serious/,1755,False,True,0,2023-01-07 20:00:33,content_19686794.html
"Project LS: A Boot Install, Interior Refresh & Wheel Work",Author,,http://www.speedhunters.com/2022/11/project-ls-a-boot-install-interior-refresh-and-wheel-work/,1006,False,True,0,2023-01-07 19:52:32,content_19686795.html
Project Rough: Achieving 'Perfect' Sound,,,http://www.speedhunters.com/2022/11/project-rough-achieving-perfect-sound/,651,False,True,0,2023-01-07 19:49:04,content_19686796.html
40 One-Sentence Email Tips,,,https://joshspector.com/one-sentence-email-tips/,623,False,True,0,2023-01-07 14:21:44,content_450744.html
Editors‚Äô picks for 2022: ‚ÄòHow firm is Xi Jinping‚Äôs grip on power?‚Äô,Samantha Hoffman,,https://www.aspistrategist.org.au/editors-picks-for-2022-how-firm-is-xi-jinpings-grip-on-power/,1638,False,True,0,2022-12-31 15:53:00,content_19735052.html
"Bella vita e guerre altrui del professor Alessandro Orsini, gentiluomo",Mario Di Vito,,https://www.rollingstone.it/politica/bella-vita-e-guerre-altrui-del-professor-alessandro-orsini-gentiluomo/640828/,1524,False,True,0,2022-12-31 15:57:12,content_19815528.html
How to Use ChatGPT and Still Be a Good Person,Brian X. Chen,The New York Times,https://www.nytimes.com/2022/12/21/technology/personaltech/how-to-use-chatgpt-ethically.html?smid=nytcore-ios-share&referringSource=articleShare,63,False,False,0,2022-12-31 15:53:09,content_19277077.html
"Sorry, Wrong Number",Shruti Rajagopalan,Get Down and Shruti,https://srajagopalan.substack.com/p/sorry-wrong-number,4941,False,True,0,2023-02-09 15:21:29,content_19603746.html
"2022 Media Diet: TV, Movies, Chess, Elden Ring, Podcasts and YouTube",Jordan Schneider,Barnabas from Bitrise (via duck.com),https://www.chinatalk.media/p/2022-media-diet-tv-movies-chess-elden,2139,False,True,0,2023-02-06 17:44:54,content_19896738.html
A Year in Books,Jordan Schneider,ChinaTalk,https://www.chinatalk.media/p/a-year-in-books,2850,False,True,0,2023-02-06 10:38:35,content_19788564.html
"https://substackcdn.com/image/fetch/f_auto,q_auto:good,fl_progressive:steep/https%3A%2F%2Fbucketeer-e05bbc84-baa3-437e-9518-adb32be77984.s3.amazonaws.com%2Fpublic%2Fimages%2Fc2da40e5-de86-4742-8ec1-861b70d6b4b3_964x964.jpeg",,,"https://substackcdn.com/image/fetch/f_auto,q_auto:good,fl_progressive:steep/https%3A%2F%2Fbucketeer-e05bbc84-baa3-437e-9518-adb32be77984.s3.amazonaws.com%2Fpublic%2Fimages%2Fc2da40e5-de86-4742-8ec1-861b70d6b4b3_964x964.jpeg",,False,False,0,2023-01-03 13:48:06,
The Mainframe In Your Pocket,klelatti,Babbage from The Chip Letter,https://thechipletter.substack.com/p/the-mainframe-in-your-pocket,1062,False,True,0,2023-01-07 13:58:52,content_15413018.html
http://mail01.tinyletterapp.com/MostlyIWrite/mostly-weekly-200-mostly-happy-new-year/21845525-www.getthefuturist.com/news/are-electric-vehicles-actually-better-for-the-environment?c=17941caf-95c5-c226-a142-6f4d0e4035f9,,,http://mail01.tinyletterapp.com/MostlyIWrite/mostly-weekly-200-mostly-happy-new-year/21845525-www.getthefuturist.com/news/are-electric-vehicles-actually-better-for-the-environment?c=17941caf-95c5-c226-a142-6f4d0e4035f9,,False,False,0,2023-01-23 11:13:44,
What Can We Learn from Barnes & Noble's Surprising Turnaround?,Ted Gioia,Culture Notes of an Honest Broker,https://tedgioia.substack.com/p/what-can-we-learn-from-barnes-and,2201,False,True,0,2023-01-07 14:10:23,content_19683062.html
Hackers & Painters,Paul Graham,Paul Graham,http://paulgraham.com/hackpaint.html,1252,False,True,0,2023-01-25 13:19:41,content_10710005.html
Life is Short,Paul Graham,Paul Graham,http://paulgraham.com/vb.html,1673,False,True,0,2023-01-07 14:04:38,content_3761.html
üèÜ The very Best of 2022,,,,1653,False,True,0,2023-02-06 10:47:17,content_19721062.html
Crosetto e il machete della realt√†,Mario Seminerio,,https://phastidio.net/2023/01/04/crosetto-e-il-machete-della-realta/,1420,False,True,0,2023-01-07 13:03:47,content_20143412.html
Tales from the hack - The time Mudge and Kingpin helped save a bunch of Apple IIGS with Ladyada in high school ‚Ä¶ @dotMudge @joegrand #talesfromthehack,Ben,,https://blog.adafruit.com/2023/01/05/learn-logic-on-this-logic-gate-game/,906,False,True,0,2023-01-07 13:07:33,content_20164464.html
A Bombshell For U.S.-China Tech Relations,Jordan Schneider,Noema,https://www.noemamag.com/a-bombshell-for-u-s-china-tech-relations,3337,False,True,0,2023-02-09 16:12:15,content_15687983.html
How Your Boss Can Use Your Remote-Work Tools to Spy on You,Thorin Klosowski,The New York Times,https://www.nytimes.com/wirecutter/blog/how-your-boss-can-spy-on-you/,2624,False,True,0,2023-01-23 09:55:17,content_1843698.html
Captain Zilog Crushed! : The Story of the Z8000,,Barnabas from Bitrise (via duck.com),,2887,False,False,0,2023-01-08 22:42:33,content_20421416.html
The ‚Äòbreakthrough‚Äô obesity drugs that have stunned researchers,McKenzie Prillaman,Nature,https://www.nature.com/articles/d41586-022-04505-7,2219,False,True,0,2023-01-09 16:01:54,content_20275523.html
L‚Äôatterraggio d'emergenza in mezzo al Pacifico che ha fatto perdere a 214 passeggeri la mezzanotte di Capodanno,Leonard Berberi,Corriere.it - Homepage,https://www.corriere.it/cronache/23_gennaio_01/aereo-ha-problema-pacifico-214-passeggeri-perdono-mezzanotte-capodanno-64dee954-89dd-11ed-807c-71f69c13595f.shtml,454,False,True,0,2023-01-08 19:42:22,content_19897587.html
100 ways to slightly improve your life without really trying,Advertisement,The Guardian,https://www.theguardian.com/lifeandstyle/2022/jan/01/marginal-gains-100-ways-to-improve-your-life-without-really-trying,1297,False,True,0,2023-01-23 10:14:18,content_1478549.html
Finding Awe Amid Everyday Splendor,Henry Wismayer,Noema,https://www.noemamag.com/finding-awe-amid-everday-splendor,6703,False,True,0,2023-02-09 16:30:05,content_20316223.html
How Transportation Technologies Shaped Empires,Tomas Pueyo,Uncharted Territories,https://unchartedterritories.tomaspueyo.com/p/transportation-tech-shaped-empires,2957,False,True,0,2023-01-30 19:07:34,content_20321074.html
Aristocrat Inc. - Believer Magazine,Daniel Gumbiner,,https://www.thebeliever.net/aristocrat-inc/,12646,False,True,0,2023-02-08 13:07:32,content_18605300.html
I Think We‚Äôre Alone Now,Andrew O‚ÄôHagan.,London Review of Books,https://www.lrb.co.uk/the-paper/v44/n24/andrew-o-hagan/short-cuts,1622,False,True,0,2023-01-23 11:51:35,content_18351265.html
Moving is not failure,Robin Rendle,Robin Rendle,https://www.robinrendle.com/notes/moving-is-not-failure/,557,False,True,0,2023-01-23 10:07:10,content_17411049.html
"Our Tote Bags, Ourselves",Maija Kappler,The Walrus,https://thewalrus.ca/tote-bag/,1484,False,False,0,2023-01-25 12:45:41,content_18978950.html
Inside Truman Capote's Black and White Ball ‚Ä¢ Magnum Photos,Elliott Erwitt's,,https://www.magnumphotos.com/arts-culture/society-arts-culture/truman-capote-black-and-white-ball-new-york-elliott-erwitt/,1069,False,True,0,2023-01-25 13:12:01,content_20563201.html
Who Really Invented the Thumb Drive?,Hallam Stevens,IEEE Spectrum,https://spectrum.ieee.org/rca-tv,2752,False,True,0,2023-01-23 11:51:34,content_18514030.html
Where Data Centers and Abortion Rights Intersect,Kevin Xu,Interconnected,https://interconnected.blog/where-data-centers-and-abortion-rights-intersect/,1628,False,True,0,2023-01-19 11:50:07,content_9737157.html
Cowen on China,Jordan Schneider,ChinaTalk,https://www.chinatalk.media/p/cowen-on-china,5062,False,False,0,2023-02-04 21:40:52,content_20606179.html
OUT OF DARTS,,,https://www.youtube.com/channel/UCdmRbgpDgkPO1KtwVgUR5wA,,False,False,0,2023-02-06 10:17:07,
Semi-conducteurs : Chine et √âtats-Unis dans la nouvelle √®re de la guerre,Marin Saillofest,,https://legrandcontinent.eu/fr/2023/01/12/semi-conducteurs-chine-et-etats-unis-dans-la-nouvelle-ere-de-la-guerre/,4639,False,False,0,2023-01-23 11:51:48,content_20856810.html
"Alarmed by A.I. Chatbots, Universities Start Revamping How They Teach",Kalley Huang,The New York Times,https://www.nytimes.com/2023/01/16/technology/chatgpt-artificial-intelligence-universities.html?smid=nytcore-ios-share&referringSource=articleShare,107,False,True,0,2023-01-25 13:04:01,content_21223067.html
2022 in review,Jason Crawford,The Roots of Progress,https://rootsofprogress.org/2022-in-review,6741,False,True,0,2023-02-08 12:40:30,content_19877800.html
L'era del mindset vincente,Francesca Palumbo,,https://www.linkideeperlatv.it/l-era-del-mindset-vincente/,2440,False,False,0,2023-01-25 13:10:13,content_21276152.html
How Kevins Got a Bad Rap in France,Lauren Collins,The New Yorker,https://www.newyorker.com/culture/culture-desk/how-kevins-got-a-bad-rap-in-france,1158,False,True,0,2023-01-23 10:25:23,content_10889985.html
Ruined Kingdom Skip,Original Authors Hiimmi,,https://gamebanana.com/mods/417964,126,False,False,0,2023-01-19 11:50:17,content_21315157.html
How to Write English Prose,David Bentley Hart,The Lamp,https://thelampmagazine.com/2023/01/09/how-to-write-english-prose/,6182,False,True,0,2023-01-23 20:01:31,content_20571012.html
"The Work You Do, the Person You Are",Toni Morrison,The New Yorker,https://www.newyorker.com/magazine/2017/06/05/the-work-you-do-the-person-you-are,726,False,False,0,2023-01-25 13:02:11,content_279312.html
The secret lives of words,John McWhorter,The New York Times,https://www.nytimes.com/2023/01/10/opinion/words-language-meaning-evolution.html,2043,False,True,0,2023-01-25 12:45:29,content_20637633.html
The Written World and the Unwritten World,Italo Calvino,The Paris Review,https://www.theparisreview.org/blog/2023/01/05/the-written-world-and-the-unwritten-world/,3300,False,False,0,2023-01-23 10:40:08,content_20308313.html
Walking Amman (Jordan),Chris Arnade,Walking The World,https://walkingtheworld.substack.com/p/walking-amman-jordan,1521,False,True,0,2023-01-25 13:09:48,content_20603972.html
Archiving Your Teen Self,Anne Helen Petersen,Culture Study,https://annehelen.substack.com/p/archiving-your-teen-self,,False,False,0,2023-02-04 21:29:10,
The Tail End,Tim Urban,Wait But Why,https://waitbutwhy.com/2015/12/the-tail-end.html,1129,False,True,0,2023-01-25 13:00:57,content_131935.html
Insane after coronavirus?,Patricia Lockwood,,https://www.lrb.co.uk/the-paper/v42/n14/patricia-lockwood/diary,,False,False,0,2023-02-08 12:25:50,
"The Itanium processor, part 1: Warming up",Raymond Chen,,https://devblogs.microsoft.com/oldnewthing/20150727-00/?p=90821,1460,False,False,0,2023-01-25 12:18:36,content_21316294.html
The x86 architecture is the weirdo,Raymond C.,,https://devblogs.microsoft.com/oldnewthing/20040914-00/?p=37873,300,False,True,0,2023-01-23 10:07:43,content_3827158.html
"As QAnon Falters, European Followers Flock to a Financial Conspiracy",Annique Mossou,Bellingcat,https://www.bellingcat.com/news/2022/12/21/as-qanon-falters-european-followers-flock-to-a-financial-conspiracy/,2398,False,True,0,2023-01-23 10:08:57,content_19279938.html
"Welcome to Prineville, Oregon: Population, 800 Million",Cade Metz,Wired,https://www.wired.com/2011/12/facebook-data-center/,2449,False,False,0,2023-01-25 13:10:04,content_12523933.html
Martin Wolf: in defence of democratic capitalism,Martin Wolf,,https://www.ft.com/content/877d1a2d-67df-46a4-a3af-8e28198b944a,2517,False,True,0,2023-01-25 13:07:44,content_21465263.html
Ricardo Reis: ‚ÄòCentral banks must balance bringing inflation down without breaking things‚Äô,Tej Parikh,,https://www.ft.com/content/2d8cdfab-d99a-4a67-9bc9-64425f532f2f,2379,False,True,0,2023-01-23 10:05:38,content_19361444.html
Hedging Its Bets: Serbia Between Russia and the EU,Dimitar Bechev,,https://carnegieeurope.eu/2023/01/19/hedging-its-bets-serbia-between-russia-and-eu-pub-88819,4526,False,True,0,2023-01-26 17:39:42,content_21559365.html
Notes on Commandments to live by,Michael Nielsen,,https://michaelnotebook.com/otc/index.html,10227,False,True,0,2023-01-23 10:50:37,content_21212302.html
Looking for Alice,Henrik Karlsson,Escaping Flatland,https://escapingflatland.substack.com/p/looking-for-alice,2976,False,True,0,2023-01-25 13:19:15,content_21316366.html
How To Read The Internet,,Other Internet,https://otherinter.net/research/lore/how-to-read-the-internet/,5544,False,True,0,2023-01-25 14:14:40,content_2194296.html
The Paradox of Goals,Anne-Laure Le Cunff,Ness Labs,https://nesslabs.com/the-paradox-of-goals,2276,False,False,0,2023-01-23 20:09:10,content_21429069.html
What if you never sort your life out?,Oliver Burkeman,,https://www.oliverburkeman.com/never,755,False,True,0,2023-01-23 10:20:39,content_170595.html
Misreading the Cues,Christine Smallwood,The New York Review of Books,https://www.nybooks.com/articles/2023/02/09/misreading-the-cues-sold-a-story-emily-hanford/,3541,False,True,0,2023-01-23 12:00:28,content_21288240.html
A Place for Fire,Elisa Gabbert,The Paris Review,https://www.theparisreview.org/blog/2023/01/17/a-place-for-fire/,1698,False,True,0,2023-01-23 10:29:22,content_21297021.html
everything new,Helena Fitzgerald,Griefbacon,https://griefbacon.substack.com/p/everything-new,3306,False,True,0,2023-01-23 11:13:23,content_21492764.html
Repair and Remain,Kurt Armstrong,Comment,https://comment.org/repair-and-remain/,2268,False,True,0,2023-01-23 11:02:38,content_3751120.html
The World-Changing Race to Develop the Quantum Computer,Stephen Witt,The New Yorker,https://www.newyorker.com/magazine/2022/12/19/the-world-changing-race-to-develop-the-quantum-computer,5549,False,True,0,2023-01-30 14:18:28,content_18601820.html
The Founding of ASML Part 2: Oil to Electric,,Babbage from The Chip Letter,,2754,False,True,0,2023-02-09 15:36:14,content_21611315.html
"[Mostly Weekly #203] Carne sintetica, esistenzialismo e il momento giusto per smettere",,,,3672,False,False,0,2023-01-23 10:13:59,content_21600655.html
Social Structures in the Digital Age,Giles Crouch,Medium,https://gilescrouch.medium.com/social-structures-in-the-digital-age-a0c28f091aa,766,False,True,0,2023-01-25 13:02:01,content_21643832.html
Hands-On: A Mechanical Watch Fanatic Reviews The Apple Watch Ultra,Logan Baker,,https://www.hodinkee.com/articles/a-mechanical-watch-fanatic-reviews-the-apple-watch-ultra,3659,False,True,0,2023-01-26 17:20:05,content_20007350.html
"Wealth, Games and Monte Carlo",Pushkar Patel,Substack,https://theperceptron.substack.com/p/monte-carlo,2584,False,True,0,2023-01-25 12:28:19,content_21711617.html
"The AI Brick Wall ‚Äì A Practical Limit For Scaling Dense Transformer Models, and How GPT 4 Will Break Past It",,SemiAnalysis,,1736,False,True,0,2023-01-25 12:13:53,content_21709107.html
Social‚Äôs Next Wave,Artwork Ibrahim Rayintakath,,https://www.generalist.com/briefing/socials-next-wave,3106,False,True,0,2023-02-08 13:10:34,content_21612254.html
TSMC: Semiconductors and Borders of Light,Artwork Anson Chan,,https://www.generalist.com/briefing/tsmc,5089,False,True,0,2023-01-29 19:07:59,content_18541491.html
L'ULTIMA LETTERA DI ALDO MORO,zanotti circololettori.it,,https://www.circololettori.it/2018/03/15/lultima-lettera-aldo-moro/,541,False,True,0,2023-01-26 17:09:19,content_21765806.html
How Transportation Technologies Shape Cities,Tomas Pueyo,Uncharted Territories,https://unchartedterritories.tomaspueyo.com/p/transportation-technology-shapes-cities,1966,False,True,0,2023-01-30 19:07:21,content_19279926.html
China's Data Policy and Digital Governance Future,Nicholas Welch,ChinaTalk,https://www.chinatalk.media/p/chinas-data-policy-and-digital-governance,3816,False,False,0,2023-01-26 17:28:55,content_21768476.html
The End of Writing,Oliver Reichenstein,iA Blog,https://ia.net/topics/the-end-of-writing-ia-on-ai,1117,False,True,0,2023-01-30 22:23:30,content_21772817.html
Nuar Alsadir: The Craft of Writing Empathy,Nuar Alsadir,Literary Hub,https://lithub.com/nuar-alsadi-the-craft-of-writing-empathy/?utm_source=pocket_mylist,5036,False,True,0,2023-01-26 17:07:18,content_1159015.html
The End of Theory: The Data Deluge Makes the Scientific Method Obsolete,Chris Anderson,Wired,https://www.wired.com/2008/06/pb-theory/,1432,False,True,0,2023-01-26 17:28:45,content_92711.html
Exclusive: The $2 Per Hour Workers Who Made ChatGPT Safer,Billy Perrigo,Techmeme,https://time.com/6247678/openai-chatgpt-kenya-workers/,30,False,False,0,2023-02-09 14:45:34,content_21353750.html
Semiconductor Bear Market Rally? ‚Äì Inventory Analysis Of 71 Companies Over 25 Years,,SemiAnalysis,,1344,False,True,0,2023-02-08 12:02:07,content_21905341.html
"Intel is the Antithesis of ""Smart Capital""",,Fabricated Knowledge,,1607,False,True,0,2023-01-29 19:16:41,content_21927532.html
Chip Letter Links No. 13: Andy Grove and the 80386,,Babbage from The Chip Letter,,1536,False,True,0,2023-01-29 18:45:56,content_22029913.html
The Best GPUs for Deep Learning in 2023,Tim Dettmers,,https://timdettmers.com/2023/01/16/which-gpu-for-deep-learning/,,False,False,0,2023-02-06 17:35:34,
"For your next side project, make a browser extension",,,https://www.geoffreylitt.com/2023/01/08/for-your-next-side-project-make-a-browser-extension.html,2988,False,False,0,2023-02-06 10:47:31,content_21159983.html
"MacBook Pro M2 √® il portatile perfetto, ma non √® per tutti",Daniele Piccinelli,,https://www.macitynet.it/macbook-pro-m2-pro-max-recensione/,3515,False,False,0,2023-02-04 21:40:16,content_21661372.html
https://untappedcities.com/2023/01/05/mta-armored-money-train-nyc/,,,https://untappedcities.com/2023/01/05/mta-armored-money-train-nyc/,,False,False,0,2023-01-29 16:35:37,
What time is it on the Moon?,Elizabeth Gibney,Nature,https://www.nature.com/articles/d41586-023-00185-z,1294,False,True,0,2023-01-29 18:43:18,content_21743555.html
Losing Taiwan Means Losing Japan,,Scholar's Stage,http://scholars-stage.blogspot.com/2020/02/losing-taiwan-means-losing-japan.html,1434,False,True,0,2023-01-29 18:56:52,content_30432.html
The Art and Science of Spending Money,Morgan Housel,,https://collabfund.com/blog/the-art-and-science-of-spending-money/,3977,False,True,0,2023-02-09 16:22:28,content_20937198.html
Guerre di Rete - I pappagalli stocastici sono diventati miliardari,Carola Frediani,Guerre di Rete,https://guerredirete.substack.com/p/guerre-di-rete-i-pappagalli-stocastici,2876,False,True,0,2023-01-29 18:53:01,content_21979615.html
ChatGPT Can't Kill Anything Worth Preserving,John Warner,The Biblioracle Recommends,https://biblioracle.substack.com/p/chatgpt-cant-kill-anything-worth,3577,False,True,0,2023-02-02 14:56:39,content_18535635.html
A Vaccine for Depression?,Taylor Beck,Nautilus,https://nautil.us/issue/31/stress/a-vaccine-for-depression,4469,False,True,0,2023-02-02 16:21:52,content_783315.html
How to Be 18 Years Old Again for Only $2 Million a Year,Ashlee Vance,Bloomberg,https://www.bloomberg.com/news/features/2023-01-25/anti-aging-techniques-taken-to-extreme-by-bryan-johnson?srnd=businessweek-v2,3442,False,True,0,2023-01-30 14:36:05,content_21814655.html
Cilo and the Economics of QWERTY,Paul Allan David,,https://personal.utdallas.edu/~liebowit/knowledge_goods/david1985aer.htm,2588,False,True,0,2023-02-02 15:07:10,content_21790568.html
Something About the Present,Devin Kelly,Longreads,https://longreads.com/2023/01/26/something-about-the-present-devin-kelly/,4940,False,True,0,2023-02-08 11:50:35,content_21858871.html
The Week CNBC Started to Panic,Matt Stoller,BIG,https://mattstoller.substack.com/p/the-week-cnbc-started-to-panic,3298,False,True,0,2023-02-08 10:27:43,content_21997360.html
"Rep. Khanna on AI, China, and Industrial Policy + Phoenix Meetup!",,ChinaTalk,,3632,False,False,0,2023-02-02 12:18:50,content_22027510.html
"The Gaps In The New China Lithography Restrictions ‚Äì ASML, SMEE, Nikon, Cannon, EUV, DUV, ArFi, ArF Dry, KrF, and ‚Ä¶",Dylan Patel,SemiAnalysis,https://www.semianalysis.com/p/the-gaps-in-the-new-china-lithography,1763,False,True,0,2023-02-02 12:26:37,content_22034817.html
Cybersecurity Under the Ocean: Risks Facing Submarine Cables and the Global Internet,Giacomo Da Ros,,,1379,False,True,0,2023-02-02 14:51:21,content_22101649.html
All Red Line - Wikipedia,,,https://en.wikipedia.org/wiki/All_Red_Line,676,False,True,0,2023-02-02 12:05:16,content_22104895.html
Why are so many tech companies laying people off right now?,Elizabeth Lopatto,The Verge,https://www.theverge.com/2023/1/26/23571659/tech-layoffs-facebook-google-amazon,1148,False,True,0,2023-02-02 12:03:27,content_21871562.html
US air force general predicts China conflict in 2025,Demetri Sevastopulo,,https://www.ft.com/content/2b50ce67-bf88-4aff-bac9-eb9ac1b3b2ca,641,False,True,0,2023-01-31 12:09:23,content_22135980.html
UK scientists discover method to reduce steelmaking‚Äôs CO2 emissions by 90%,Ioanna Lykiardopoulou,,https://thenextweb.com/news/uk-scientists-discover-method-reduce-steelmakings-co2-emissions,355,False,True,0,2023-02-02 12:01:42,content_21914061.html
CHIPS Act: Strategic Dilemmas in Manufacturing Incentives,Nicholas Welch,ChinaTalk,https://www.chinatalk.media/p/chips-act-strategic-dilemmas-in-manufacturing,6166,False,False,0,2023-02-02 14:45:02,content_22137614.html
The ‚ÄòOK‚Äô Computer,Adi Robertson,The Verge,https://www.theverge.com/c/23570610/apple-lisa-computer-legacy/index,2559,False,False,0,2023-02-02 12:17:31,content_22140005.html
Instagram's co-founders are mounting a comeback,Casey Newton,Platformer,https://www.platformer.news/p/instagrams-co-founders-are-mounting,1656,False,True,0,2023-02-02 11:47:46,content_22147747.html
Intel Cuts Pay For Employees To Keep Their Quarterly Dividend,Dylan Patel,SemiAnalysis,https://www.semianalysis.com/p/intel-cuts-pay-for-employees-to-keep,576,False,True,0,2023-02-02 11:51:29,content_22177003.html
Will Young Americans Want to Work in Semiconductor Manufacturing?,Jon Y,The Asianometry Newsletter,https://asianometry.substack.com/p/will-young-americans-want-to-work,2439,False,True,0,2023-02-02 12:00:20,content_22215361.html
"Russia's 2023 Tech Challenges, According to Its State-Owned Telecom",Giacomo Da Ros,,,1204,False,True,0,2023-02-02 12:07:02,content_22215769.html
ü§ñ AI,,,,1457,False,True,0,2023-02-02 12:22:03,content_22259470.html
"TSMC 3nm FinFlex + Self-Aligned Contacts, Intel EMIB 3 + Foveros Direct, AMD Yield Issues, IBM Vertical Transport ‚Ä¶",,SemiAnalysis,,4188,False,True,0,2023-02-06 17:31:38,content_22263218.html
CHIPS Act: The Battle for R&D Dollars,Jordan Schneider,ChinaTalk,https://www.chinatalk.media/p/chips-act-the-battle-for-r-and-d,2843,False,True,0,2023-02-08 13:12:53,content_22277549.html
A Pyrrhic Victory for Meta Over the FTC?,Matt Stroller,BIG,https://mattstoller.substack.com/p/a-pyrrhic-victory-for-meta-over-the,3050,False,False,0,2023-02-08 11:34:50,content_22301702.html
"Weekly Reads! Chinese AI Investment, State Dpt Memos, Peter Hessler, Tianjin and the Spring Gala",Jordan Schneider,ChinaTalk,https://www.chinatalk.media/p/weekly-reads-chinese-ai-investment,1311,False,True,0,2023-02-08 12:34:11,content_22344305.html
Virtual aid trip and a policy quiz: the European Commission tourist experience,Jennifer Rankin,The Guardian,https://www.theguardian.com/world/2023/feb/03/european-commission-tourist-experience-brussels,1150,False,True,0,2023-02-06 10:45:23,content_22391339.html
"Dorfles: ""La mia vita infinita, da Francesco Giuseppe agli smartphone""",Aldo Cazzullo,,http://www.corriere.it/cronache/18_marzo_02/morto-gillo-dorfles-la-mia-vita-infinita-francesco-giuseppe-smartphone-34691b1c-1e0a-11e8-af9a-2daa4c2d1bbb.shtml,1438,False,True,0,2023-02-06 22:35:33,content_22391340.html
La trattativa tra Italia e Realt√†,Mario Seminerio,,https://phastidio.net/2023/02/05/la-trattativa-tra-italia-e-realta/,11,False,False,0,2023-02-06 10:12:30,content_22429823.html
Kremlin-Linked Group Arranged Payments to European Politicians to Support Russia‚Äôs Annexation of Crimea,,Organized Crime and Corruption Reporting Project,https://www.occrp.org/en/investigations/kremlin-linked-group-arranged-payments-to-european-politicians-to-support-russias-annexation-of-crimea,,False,False,0,2023-02-08 12:04:59,
"Failure to Cope ""Under Capitalism""",Clare Coffey,Gawker,https://www.gawker.com/culture/failure-to-cope-under-capitalism,2454,False,True,0,2023-02-06 10:51:19,content_11029593.html
The Arm Story Part 1 : From Acorns,,Babbage from The Chip Letter,,5000,False,True,0,2023-02-06 11:13:35,content_22440839.html
"Charlie, nel loro piccolo",,Il Post,,2356,False,True,0,2023-02-06 10:43:02,content_22427045.html
[Mostly Weekly #205] La calcolatrice dei creativi e gli acquerelli di Miyazaki,,,,5664,False,True,0,2023-02-06 10:07:40,content_22427040.html
A Century of Moore‚Äôs Law,Douglas Herz,SemiAnalysis,https://www.semianalysis.com/p/a-century-of-moores-law,2120,False,False,0,2023-02-06 10:58:37,content_22413188.html
We invested 10% to pay back tech debt; Here's what happened,Alex Ewerl√∂f,,https://blog.alexewerlof.com/p/tech-debt-day,2093,False,True,0,2023-02-08 12:24:27,content_21179270.html
"Actually, Japan has changed a lot",Noah Smith,Noahpinion,https://noahpinion.substack.com/p/actually-japan-has-changed-a-lot,2055,False,True,0,2023-02-08 12:16:01,content_21705822.html
Japan was the future but it's stuck in the past,Rupert Wingfield-Hayes Tokyo,,https://www.bbc.com/news/world-asia-63830490,2429,False,True,0,2023-02-08 12:15:55,content_21536565.html
Childhoods of exceptional people,Henrik Karlsson,Escaping Flatland,https://escapingflatland.substack.com/p/childhoods,4640,False,True,0,2023-02-06 17:43:32,content_22488666.html
PocketBook Color,Riccardo Palombo,,https://riccardo.im/recensioni/pocketbook-color/,1720,False,True,0,2023-02-07 16:40:07,content_22498950.html
COMSOL: Multiphysics Software for Optimizing Designs,,,https://www.comsol.com/,76,False,False,0,2023-02-08 13:07:45,content_22499359.html
Google non lancia Bard come competitor di ChatGPT,Giorgio Taverniti,Giorgio Taverniti ,https://giorgiotaverniti.substack.com/p/google-non-lancia-bard-come-competitor,3354,False,True,0,2023-02-08 10:08:34,content_22529865.html
"China Reacts to Export Controls: Japan, the Netherlands, and Huawei",,ChinaTalk,,1911,False,True,0,2023-02-08 12:19:34,content_22532411.html
Il Futuro dei Microchip - ISPI,,,https://essay.ispionline.it/?page_id=5542,5667,False,True,0,2023-02-09 15:29:17,content_22602767.html
How America Took Out The Nord Stream Pipeline,Seymour Hersh,,https://palexander.substack.com/p/until-now-this-nord-stream-pipeline,5206,False,True,0,2023-02-09 16:07:53,content_22587188.html
War for Taiwan: Could Emerging Tech Tip The Scales?,,ChinaTalk,,3597,False,False,0,2023-02-09 15:23:33,content_22639757.html
The Inference Cost Of Search Disruption ‚Äì Large Language Model Cost Analysis,,SemiAnalysis,,1800,False,True,0,2023-02-09 15:40:06,content_22644684.html
ChatGPT Is a Blurry JPEG of the Web,Ted Chiang,The New Yorker,https://www.newyorker.com/tech/annals-of-technology/chatgpt-is-a-blurry-jpeg-of-the-web,3308,False,True,0,2023-02-12 18:22:19,content_22638231.html
The Tinkerings of Robert Noyce,Tom Wolfe,,https://web.stanford.edu/class/e145/2007_fall/materials/noyce.html,18031,False,True,0,2023-02-13 12:41:19,content_31820.html
Lewis.Learning in War-Time.pdf,,,https://bradleyggreen.com/attachments/Lewis.Learning%20in%20War-Time.pdf,,False,False,0,2023-02-11 14:13:03,
digital orto,,,https://www.giacomo.cc/wartime.html,3902,False,True,0,2023-02-12 18:07:26,content_22749517.html
A ‚ÄòChinese Commonwealth‚Äô Could Be A Path Forward For Taiwan,Nathan Gardels,Noema,https://www.noemamag.com/a-chinese-commonwealth-could-be-a-path-forward-for-taiwan,1921,False,True,0,2023-02-20 11:58:04,content_22706978.html
"Charlie, con intelligenza",,Il Post,,4284,False,True,0,2023-02-12 18:16:18,content_22771455.html
[Mostly Weekly #206] Definire il nuovo anzich√© rimpiangere il vecchio e altre bischerate simili,,,,4151,False,True,0,2023-02-12 11:33:35,content_22768800.html
How Should We Think About Our Different Styles of Thinking?,Joshua Rothman,The New Yorker,https://www.newyorker.com/magazine/2023/01/16/how-should-we-think-about-our-different-styles-of-thinking,4536,False,True,0,2023-02-13 10:13:29,content_20536691.html
Linux On The Laptop Works So Damn Well That It‚Äôs Boring,Clive Thompson,,https://clivethompson.medium.com/linux-on-the-laptop-works-so-damn-well-that-its-boring-29014b347941,1086,False,True,0,2023-02-12 18:09:34,content_13647377.html
Pace Layering: How Complex Systems Learn and Keep Learning,Stewart Brand,The MIT Press Reader,https://jods.mitpress.mit.edu/pub/issue3-brand/release/2,2007,True,False,0,2023-02-13 19:38:03,content_84746.html
Reality has a surprising amount of detail,John Salvatier,John Salvatier,http://johnsalvatier.org/blog/2017/reality-has-a-surprising-amount-of-detail,2370,False,True,0,2023-02-21 12:28:04,content_367.html
Once Again Through Eratosthenes Sieve : 40 Years of Progress,,Babbage from The Chip Letter,,2002,False,True,0,2023-02-12 17:59:01,content_22784374.html
Dolphin Progress Report: December 2022 and January 2023,MayImilae,,https://dolphin-emu.org/blog/2023/02/12/dolphin-progress-report-december-2022-january-2023/,6999,False,True,0,2023-02-13 09:56:09,content_22771987.html
Progress Report January 2023,MutantAura,,https://blog.ryujinx.org/progress-report-january-2023/,2683,False,True,0,2023-02-13 09:43:31,content_22819370.html
How to Deter a War for Taiwan + The Burdens of Occupation if China Wins,Nicholas Welch,ChinaTalk,https://www.chinatalk.media/p/how-to-deter-a-war-for-taiwan-the,1844,False,False,0,2023-02-13 19:24:09,content_22825109.html
Peeling The Onion‚Äôs Layers - Large Language Models Search Architecture And Cost,,SemiAnalysis,,2373,False,True,0,2023-02-13 19:30:35,content_22826039.html
Two Problems with US-China Tech Security Policy,Giacomo Da Ros,,,1027,False,True,0,2023-02-13 19:26:43,content_22839249.html
China's ‚ÄúSemiconductor Theranos‚Äù: HSMC,Kevin Xu 4,,https://interconnected.blog/chinas-semiconductor-theranos-hsmc/,2223,True,False,0,2023-02-14 17:52:46,content_182996.html
China's Best New Novels According to China's Goodreads,Irene Zhang,ChinaTalk,https://www.chinatalk.media/p/chinas-best-new-novels-according,2803,True,False,0,2023-02-14 17:52:47,content_22900728.html
"Thick Cables, Thin Margins ‚Äì Microsoft, Amazon, and Google Overstated By $CRDO Credo",,SemiAnalysis,,1157,False,True,0,2023-02-21 13:21:55,content_22942062.html
"An Interview with Rajesh Vashist, CEO of SiTime",Mule,Fabricated Knowledge,https://www.fabricatedknowledge.com/p/an-interview-with-rajesh-vashist-3e0,5436,True,False,0,2023-02-15 09:21:59,content_22908717.html
The Hard Problems of Edge AI Hardware,Jon Y,The Asianometry Newsletter,https://asianometry.substack.com/p/the-hard-problems-of-edge-ai-hardware,2375,True,False,0,2023-02-15 16:11:15,content_22964518.html
Trickle-Down Agriculture,Anne Helen Petersen,Culture Study,https://annehelen.substack.com/p/trickle-down-agriculture,4491,False,True,0,2023-02-20 18:56:49,content_22965181.html
üü°Semafor Tech: China's ChatGPT challenge,,,,2671,False,True,0,2023-02-20 18:49:02,content_22969850.html
Why Finding Purpose Is SO HARD Today,,,https://www.youtube.com/watch?v=NuHEY7CjjTI,,True,False,0,2023-02-17 09:58:06,
"Friday Bites: China's Breaking Bad, Chaoyang Trap, Gaokao Factory, and NYC's Best Uyghur Food",Jordan Schneider,ChinaTalk,https://www.chinatalk.media/p/friday-bites-chinas-breaking-bad,951,True,False,0,2023-02-17 12:36:21,content_23053075.html
Subscribe to read | Financial Times,Eric Platt,,https://www.ft.com/content/c0d1c5e3-7cfe-4221-88bf-0eb3bfd58968,289,False,False,0,2023-02-21 12:14:50,content_22921218.html
On Lina Khan Derangement Syndrome,Matt Stoller,BIG,https://mattstoller.substack.com/p/on-lina-khan-derangement-syndrome,3381,False,True,0,2023-02-21 12:51:47,content_23094009.html
Good conversations have lots of doorknobs,Adam Mastroianni,Experimental History,https://experimentalhistory.substack.com/p/good-conversations-have-lots-of-doorknobs,1545,False,True,0,2023-02-20 13:33:29,content_2121683.html
What Is ChatGPT Doing ‚Ä¶ and Why Does It Work?,Andy Baio,Stephen Wolfram,https://writings.stephenwolfram.com/2023/02/what-is-chatgpt-doing-and-why-does-it-work/,18800,True,False,0,2023-02-19 11:32:00,content_22925613.html
The Smoker,Ottessa Moshfegh,The Paris Review,https://www.theparisreview.org/blog/2023/02/07/the-smoker/,1115,False,True,0,2023-02-20 12:17:03,content_22544555.html
"Charlie, sapere di non sapere",,Il Post,,3285,False,True,0,2023-02-19 19:09:36,content_23115514.html
Declining sperm count: Much more than you wanted to know,Astral Codex Ten,HackerDaily,https://hackerdaily.io/34830936/comments,,True,False,0,2023-02-19 11:32:57,
"""A little bit of slope makes up for a lot of y-intercept""",gtallen1187,Github,https://gist.github.com/gtallen1187/e83ed02eac6cc8d7e185,850,False,True,0,2023-02-20 12:11:49,content_5192988.html
Tell Good Stories,Packy McCormick,Not Boring,https://www.notboring.co/p/tell-good-stories,5166,False,True,0,2023-02-21 13:18:22,content_22904430.html
the only good coffee is bad coffee,Helena Fitzgerald,Griefbacon,https://griefbacon.substack.com/p/the-only-good-coffee-is-bad-coffee,3013,False,True,0,2023-02-20 12:30:21,content_23061199.html
Physicists Say Aliens May Be Using Black Holes as Quantum Computers,"Matt Williams, Universe Today",ScienceAlert,https://www.sciencealert.com/physicists-say-aliens-may-be-using-black-holes-as-quantum-computers,1606,False,True,0,2023-02-19 19:13:22,content_22868613.html
The Out-of-Control Spread of Crowd-Control Tech,Wil Sands,Wired,https://www.wired.com/story/out-of-control-spread-of-crowd-control-tech/,4810,False,True,0,2023-02-23 13:47:01,content_22639722.html
Apple hardware subscription would be a big step - raising big questions,Ben Lovejoy,,https://9to5mac.com/2023/02/13/apple-hardware-subscription/,1380,False,True,0,2023-02-20 12:19:11,content_22828352.html
ongoing by Tim Bray ¬∑ Modern Mono,Tim Bray,,https://www.tbray.org/ongoing/When/202x/2023/02/09/Monospace,1580,False,True,0,2023-02-20 12:33:59,content_22847574.html
The Work is Not Enough,Anne Helen Petersen,Culture Study,https://annehelen.substack.com/p/the-work-is-not-enough,1436,False,True,0,2023-02-19 19:05:23,content_23122003.html
"Beyond ""Fermi's Paradox"" XI: What is the Transcension Hypothesis",Matt Williams,,https://www.universetoday.com/147546/beyond-fermis-paradox-xi-the-transcension-hypothesis/,3673,False,True,0,2023-02-21 12:08:39,content_1675573.html
The Arm Story Part 2 : Archimedes to Advanced RISC Machines,,Babbage from The Chip Letter,,4273,True,False,0,2023-02-20 10:48:59,content_23132929.html
"Earnings Roundup: Applied Materials, ICHR, Renesas, Tokyo Electron, ACLS, ONTO, GFS, ENTG",,Fabricated Knowledge,,1724,True,False,0,2023-02-20 10:49:02,content_23138326.html
Why Smart People Hold Stupid Beliefs,Gurwinder,Gurwinder from The Prism,https://gurwinder.substack.com/p/why-smart-people-hold-stupid-beliefs,2260,False,True,0,2023-02-21 12:22:03,content_22858133.html
Ray Nayler: Don't be afraid of your own depth,Eliot Peper,Eliot Peper's Book Recommendations,https://eliotpeper.substack.com/p/ray-nayler-dont-be-afraid-of-your,2980,True,False,0,2023-02-27 08:57:02,content_23125864.html
"""Team Jorge‚Äù: In the heart of a global disinformation machine ‚Ä¢ Forbidden Stories",,,https://forbiddenstories.org/story-killers/team-jorge-disinformation/,442,False,True,0,2023-02-21 12:48:31,content_22968290.html
Beyond ‚ÄúFermi‚Äôs Paradox‚Äù IX: What is the Brief Window Hypothesis?,Matt Williams,,https://www.universetoday.com/147590/beyond-fermis-paradox-ix-what-is-the-brief-window-hypothesis/,2786,False,True,0,2023-02-23 15:40:52,content_8039294.html
The Coming Technological Singularity,https,,https://edoras.sdsu.edu/~vinge/misc/singularity.html,4692,False,True,0,2023-02-22 15:05:58,content_247806.html
A Lunchtime Conversation- Enrico Fermi and Extraterrestrial Intelligence,Paul Patton,,https://www.universetoday.com/119727/beyond-fermis-paradox-i-a-lunchtime-conversation-enrico-fermi-and-extraterrestrial-intelligence/,1235,False,True,0,2023-02-22 15:25:16,content_5353652.html
"Beyond ""Fermi's Paradox"" II: Questioning the Hart-Tipler Conjecture",Paul Patton,,https://www.universetoday.com/119735/beyond-fermis-paradox-ii-questioning-the-hart-tipler-conjecture/,1584,False,True,0,2023-02-22 15:42:19,content_20431084.html
"Beyond ""Fermi's Paradox"" III: What is the Great Filter?",Matt Williams,,https://www.universetoday.com/145512/beyond-the-fermi-paradox-iii-what-is-the-great-filter/,2204,False,True,0,2023-02-22 15:29:18,content_20431140.html
Beyond the Fermi Paradox V: What is the Aestivation Hypothesis?,Matt Williams,,https://www.universetoday.com/147161/beyond-the-fermi-paradox-v-what-is-the-aestivation-hypothesis/,2125,False,True,0,2023-02-22 15:39:18,content_52901.html
fermi paradox Archives,Matt Williams,,https://www.universetoday.com/tag/fermi-paradox/page/2/,1826,False,False,0,,content_23200595.html
"Beyond ""Fermi's Paradox"" VI: What is the Berserker Hypothesis?",Matt Williams,,https://www.universetoday.com/147396/beyond-fermis-paradox-vi-the-berserker-hypothesis/,2405,False,True,0,2023-02-22 15:46:01,content_16120233.html
"Beyond ""Fermi's Paradox"" VII: What it the Planetarium Hypothesis",Matt Williams,,https://www.universetoday.com/147547/beyond-fermis-paradox-vii-the-planetarium-hypothesis/,2603,False,True,0,2023-02-23 15:25:07,content_20431110.html
"Beyond ""Fermi's Paradox"" VIII: What is the Zoo Hypothesis?",Matt Williams,,https://www.universetoday.com/147573/beyond-fermis-paradox-viii-what-is-the-zoo-hypothesis/,2064,False,True,0,2023-02-23 15:34:17,content_20431102.html
Beyond ‚ÄúFermi‚Äôs Paradox‚Äù X: What is the Firstborn Hypothesis?,Matt Williams,,https://www.universetoday.com/147591/beyond-fermis-paradox-x-the-firstborn-hypothesis/,2566,True,False,0,2023-02-23 16:23:28,content_20431136.html
Beyond ‚ÄúFermi‚Äôs Paradox‚Äù XII: What is the Waterworlds Hypothesis?,Matt Williams,,https://www.universetoday.com/147775/beyond-fermis-paradox-xii-what-is-the-waterworlds-hypothesis/,2489,True,False,0,2023-02-21 12:11:24,content_20431165.html
"Beyond ""Fermi's Paradox"" XIII: What is the ""Ocean Worlds"" Hypothesis?",Matt Williams,,https://www.universetoday.com/148988/beyond-fermis-paradox-xiii-the-ocean-worlds-hypothesis/,,True,False,0,2023-02-21 12:11:35,
What is the Aurora Hypothesis?,Matt Williams,,https://www.universetoday.com/147880/beyond-fermis-paradox-xiv-what-is-the-aurora-hypothesis/,2379,False,True,0,2023-02-23 15:29:13,content_8284832.html
What is the Percolation Theory Hypothesis?,Matt Williams,,https://www.universetoday.com/148088/beyond-fermis-paradox-xv-what-is-the-percolation-theory-hypothesis/,3399,False,True,0,2023-02-23 13:40:23,content_6972178.html
"Beyond ""Fermi's Paradox"" XVI: What is the ""Dark Forest"" Hypothesis?",Matt Williams,,https://www.universetoday.com/149410/beyond-fermis-paradox-xvi-what-is-the-dark-forest-hypothesis/,2971,True,False,0,2023-02-21 12:11:55,content_358372.html
"Beyond ""Fermi's Paradox"" XVII: What is the ""SETI-Paradox"" Hypothesis?",Matt Williams,,https://www.universetoday.com/149513/beyond-fermis-paradox-xvii-what-is-the-seti-paradox-hypothesis/,2239,True,False,0,2023-02-21 12:12:02,content_968434.html
"Beyond ""Fermi's Paradox"" IV: What is the Rare Earth Hypothesis?",Matt Williams,,https://www.universetoday.com/147160/beyond-fermis-paradox-iv-what-is-the-rare-earth-hypothesis/,2532,False,True,0,2023-02-22 15:35:13,content_20431160.html
Curiosity Zone,Scotch,,https://www.modelthinkers.com/mental-model/curiosity-zone,1874,False,True,0,2023-02-22 15:22:18,content_1820089.html
Library Genesis,,,https://libgen.lc/edition.php?id=106213,357,False,False,0,2023-02-21 12:55:05,content_1703651.html
The Purpose of Technology,Balaji S. Srinivasan,,https://balajis.com/the-purpose-of-technology/,1206,False,True,0,2023-02-22 15:06:44,content_47002.html
Centralization vs. Decentralization: Two Centuries of Authority in Design,Purpose Computing,,https://smarimccarthy.is/articles/2012-08-24-centralization-vs-decentralization-two-centuries-of-authority-in-design/,4067,True,False,0,2023-02-21 13:08:55,content_23202537.html
AMD Genoa Detailed ‚Äì Architecture Makes Xeon Look Like A Dinosaur,Dylan Patel,SemiAnalysis,https://www.semianalysis.com/p/amd-genoa-detailed-architecture-makes,,True,False,0,2023-02-22 15:04:49,
China's ChatGPT Fever,,ChinaTalk,,2675,True,False,0,2023-02-21 20:03:07,content_23205813.html
From Draw Down to Bounce Back: A Guide to the Q1 Inventory Bottom,,Fabricated Knowledge,,2730,True,False,0,2023-02-21 20:07:24,content_23207751.html
India Bans More Chinese Apps: What to Know,Giacomo Da Ros,,,1904,True,False,0,2023-02-21 20:11:27,content_23221124.html
‚ÄúASPEN 20‚Äù - SR-71 - Groundspeed Check,Leslie,,http://www.fromtheinside.us/thinking/Groundspeed_Check.htm,1292,False,True,0,2023-02-22 13:14:49,content_5954776.html
The Future of the Transistor,Dylan Patel,SemiAnalysis,https://www.semianalysis.com/p/the-future-of-the-transistor,3893,False,True,0,2023-02-22 15:14:41,content_23218678.html
AI Compute 101: The Geopolitics of GPUs,,ChinaTalk,,4470,True,False,0,2023-02-22 13:33:06,content_23295426.html
Are Americans Worried About Chinese Apps?,Kevin Xu,Kevin Xu @ Interconnected,https://interconnected.blog/are-americans-worried-about-chinese-apps/,1871,True,False,0,2023-02-23 11:43:09,content_23355682.html
The Tyranny of Faux Self-Care,Anne Helen Petersen,Culture Study,https://annehelen.substack.com/p/the-tyranny-of-faux-self-care,4847,True,False,0,2023-02-27 09:31:28,content_23292537.html
Compute and the Future of US-China Relations,,ChinaTalk,,2826,True,False,0,2023-02-23 13:19:35,content_23359235.html
‚ÄòAn Invisible Cage‚Äô: How China Is Policing the Future,Paul Mozur,The New York Times,https://www.nytimes.com/2022/06/25/technology/china-surveillance-police.html,2496,False,True,0,2023-02-23 15:17:01,content_8431797.html
The European Commission's TikTok Ban: What to Know,Giacomo Da Ros,,,881,True,False,0,2023-02-24 09:54:21,content_23405645.html
New cracks emerge in Elon Musk's Twitter,Casey Newton,Platformer,https://www.platformer.news/p/new-cracks-emerge-in-elon-musks-twitter,1960,False,True,0,2023-02-27 10:37:25,content_23390667.html
"I crediti fiscali ""che non sono debito"" ma erano minibot",Mario Seminerio,,https://phastidio.net/2023/02/23/i-crediti-fiscali-che-non-sono-debito-ma-erano-minibot/,1853,True,False,0,2023-02-24 09:56:00,content_23351502.html
"Friday Bites: ‚ÄòAsylum-Worthy‚Äô Stand-Up, Canadian Election Interference, Fred Again in MSG",Jordan Schneider,ChinaTalk,https://www.chinatalk.media/p/friday-bites-asylum-worthy-stand,1025,True,False,0,2023-02-24 12:51:33,content_23411322.html
Lo Spid pu√≤ cambiare. ma non pu√≤ essere abolito. Perch√© √® legato a doppio filo con il Pnrr,,,https://www.huffingtonpost.it/economia/2023/02/23/news/spid-11418522/,115,True,False,0,2023-02-27 09:38:48,content_23398082.html
Mariana Mazzucato: ‚ÄòThe McKinseys and the Deloittes have no expertise in the areas that they‚Äôre advising in‚Äô,Henry Mance,,https://www.ft.com/content/fb1254dd-a011-44cc-bde9-a434e5a09fb4,289,True,False,0,2023-02-24 17:30:35,content_22818558.html
"Charlie, sul posto ma fino a un certo punto",,Il Post,,2695,False,True,0,2023-02-27 10:37:22,content_23504843.html
"Intel's Dividend Cut, Nvidia's Earnings, and Besi",,Fabricated Knowledge,,816,True,False,0,2023-02-27 08:37:47,content_23522475.html
Chip Letter Links No 14: Raspberry Pi Pico,,,,1228,False,True,0,2023-02-27 10:37:35,content_23520292.html
"Sick Week, New Look",Anne Helen Petersen,Culture Study,https://annehelen.substack.com/p/sick-week-new-look,1749,True,False,0,2023-02-27 08:38:02,content_23513609.html
The People Who Are Secretly Working Multiple Full-Time Jobs From Home,Alison Green,Slate,https://slate.com/human-interest/2023/02/remote-work-multiple-full-time-jobs-overmployed.html,1542,True,False,0,2023-02-27 10:34:01,content_23157526.html
Eternity in six hours: Intergalactic spreading of intelligent life and sharpening the Fermi paradox,Stuart Armstrong Anders,Science Direct,https://www.sciencedirect.com/science/article/abs/pii/S0094576513001148,2514,True,False,0,2023-02-27 08:48:28,content_934389.html
Better Than Earth? Are There Superhabitable Worlds In The Milky Way?,Fraser Cain,,https://www.universetoday.com/143507/better-than-earth-are-there-superhabitable-worlds-in-the-milky-way/,1442,True,False,0,2023-02-27 08:48:44,content_23544400.html
"With a Simple Twist, a ‚ÄòMagic‚Äô Material Is Now the Big Thing in Physics",David H. Freedman,Quanta Magazine,https://www.quantamagazine.org/how-twisted-graphene-became-the-big-thing-in-physics-20190430/,3194,True,False,0,2023-02-27 08:49:07,content_1269026.html
Building Hello Tomorrow‚Äôs playfully retrofuturistic world,Andrew Webster,The Verge,https://www.theverge.com/design/23610547/hello-tomorrow-apple-tv-plus-retrofuturistic-production-design,964,True,False,0,2023-02-27 09:35:57,content_23368477.html
On replacing my MacBook Air M1 with a Thinkpad T480,rozenmd,,https://maxrozen.com/replacing-my-macbook-m1-with-thinkpad-t480,945,False,True,0,2023-02-27 10:37:27,content_23202025.html
The Idea Trap,Bryan Caplan,The Library of Economics and Liberty,https://www.econlib.org/library/Columns/y2004/Caplanidea.html,1907,True,False,0,2023-02-27 08:55:55,content_34343.html
On the origins of empathy for other species,Mins,Works in Progress,https://worksinprogress.co/issue/on-the-origins-of-empathy-for-other-species,3267,True,False,0,2023-02-27 08:55:56,content_23421449.html
Buying Experiences Probably Doesn't Make You Happier than Buying Possessions,Sasha Chapin,Sasha's 'Newsletter',https://sashachapin.substack.com/p/buying-experiences-probably-doesnt,1974,True,False,0,2023-02-27 09:06:50,content_23320386.html
On Being an Illegible Person,Venkatesh Rao,Ribbonfarm,https://www.ribbonfarm.com/2011/07/31/on-being-an-illegible-person/,3224,True,False,0,2023-02-27 08:56:24,content_105249.html
Can Technology Be Humane?,Paul Goodman,NYR,https://www.nybooks.com/articles/1969/11/20/can-technology-be-humane/,6560,True,False,0,2023-02-27 08:56:56,content_871416.html
Embracing Chaos: The Imperfect Art of Semiconductor Manufacturing And Lithography,,SemiAnalysis,,1873,True,False,0,2023-02-27 10:37:23,content_23547490.html
